0.06447300393219094,0.18004470505046302,0.09317877321814474,-0.18364992040281303,-0.23381934280178032,-0.2069650793543556,0.06624708838305682,0.10065668698896614,0.027084514100107728,-0.2101747950017971,-0.15475712000163563,-0.15498813692461091,-0.2259195360464853,-0.10225268384294768,-0.03127260881814134,-0.21923429221074922,0.013120662404212021,0.047798278865187886,-0.06153307586664608,0.008339243484226223,-0.15568253051838762,0.09211407257009822,0.08071889430033839,0.04649668503815909,-0.009017048204443809,-0.017701430125677934,-0.10080866442798606,0.03314612693882267,0.1457415572929832,0.05524913231406517,-0.1281215330040813,0.026980044151313096,0.027415866999116727,-0.18484139382921247,0.0387967058677475,-0.07817164098809232,0.21136757654720553,0.0827155415148763,0.07640977923007038,0.07597528970052445,8.526640926581552E-4,-0.01270973763741677,0.05707173861828969,0.09931261619599323,0.049092142120826465,0.039472918899464575,0.06120072536527361,-0.021895490607872315,0.14560753587605738,0.21728550131188606,0.15189047516238915,-0.1389617661855108,-0.043782786665129025,-0.12581488498955126,-0.060777431234515775,-0.1174763538066001,-0.004373365759591975,0.009563786231339386,0.023100342115100026,0.11643531321921356,0.07065636035281568,0.0319183325532326,0.10822761676330019,0.062453650639181055,-0.08264965385139503,-0.07308433051176931,0.12097610005686038,0.07846750724580316,0.0399401178009644,0.01594596436725508,-0.006517620310332948,-0.11370433660991383,-0.05397012112867486,-0.06503614802613257,0.13479319457076414,-0.0029673142828860115,-0.061226174924423386,0.16149694040251916,-0.10005445843660642,-0.14289910656145408,0.07907966144663454,0.10859915665749414,-0.10047663609263341,0.14015944617297124,0.058645581900850736,-0.051626355991927615,-0.033320401372124046,0.21567429279620925,0.08620489938352571,0.07210794082650587,-7.986664088252594E-4,0.07463816616164878,-0.07503377738597614,0.02854872116408107,-0.09511968539883234,-0.1811847783436743,0.0430516387467727,0.008435814035157713,-0.03596586769504857,0.03740987280465791,0.04690237537342029,-0.020021909903567274,-0.0033132760167032213,-0.03789423023393715,-0.07597092290484213,0.05036411800592603,-0.07276633835494005,0.03066618491458795
-0.10108127056025394,-0.1276685650466312,-0.04024132830018751,0.007923645731515317,-0.021536983278351372,0.006916346687271229,-0.010451097680186408,-0.07610353928906942,-0.04863293925352045,0.026869029636930414,0.06968201231297098,0.11514526109838787,0.025426958425715584,-0.10232825215532731,0.046398418696048216,0.05046782467244296,-0.012137450616575762,0.04317156218387062,-0.006267036327607135,-0.09698300697504272,0.08356713706986944,-0.07261174102904079,-0.11889300176079305,0.019188418143263077,-0.018844389519137607,-0.02172766349109014,0.058469586105420926,-0.002928640116119222,-0.08989671855351544,0.0171459281410677,0.06848481511145713,-0.017167390148002944,0.09387910300062662,0.028030534190150044,-0.025833192156806142,0.012028584121411374,0.15387872700001176,0.009608572959366778,0.19975581520841465,0.046655386076347054,-0.028402572334192043,0.07876463173751025,-0.14208444736213993,-0.2751015658434041,-0.0672513172319349,0.07019803043743318,-0.05321223365355101,0.175620564679015,-0.04079914945487753,-0.105515970641412,-0.09434219769785544,0.0894496372793188,-0.022634305819251677,0.11090024332167828,0.15994027439608294,-0.026469951239282783,0.26925669817604797,0.032208211800681966,-0.1526817286956142,0.21126920007573755,0.07013666850210917,-0.17983909322248925,0.22248631156468748,-0.04520842666722179,-0.1917710191570982,0.11362747240207918,0.012087203401457976,-0.06638981616195534,0.05765472083353825,0.02801632149015763,-0.13203280507609857,-0.01075295277184128,-0.003587779205223819,-0.31228560768957686,0.2255142396048254,-0.029983445450864517,0.32123391040569904,-0.4264655890270302,-0.12516294590652308,0.251597023052182,-0.3492317580888521,0.09894604937908186,0.6106534776735145,-0.30884443196573014,-0.07976321491085683,-0.20595539042106417,0.14242674080834478,0.058570685344231745,-0.14266751974038144,0.09226498559075587,-0.18281118007525632,0.2779710184008388,-0.2928263322221669,-0.06939392310194409,0.2968843156978503,-0.2508095963621728,-0.10093784211853027,0.3564997733761152,-0.12506893429894764,-0.018348524421649845,0.5425919782225719,-0.22803315144084482,-0.13356410166767974,-0.26743428630897553,0.2350106778183417,-0.03793368381443337,-0.12296332076687985,0.06542249484334374
-0.2779846928475322,0.7714563127664489,-0.006298388234241618,-0.0830384944952128,-0.15921973960692315,0.06570516376023937,0.12216611220218487,-0.2779298456642685,0.012573612466490355,-0.030394573852606938,-0.06278393496653424,0.01744107563135431,-0.0026121668843358883,-0.0715704073723273,0.027223684306721927,-0.06265741438951676,0.31081320023849673,-0.15388510083164356,0.3442239864698622,-0.3677321151337255,-0.21006632867107825,0.10050478626871247,-0.3939209025696722,0.2460205646177299,-0.15804807396676554,0.16999910487798048,-0.055979739973097194,0.03613181930276767,0.14025727577955288,-0.1150420630051113,0.05190401827605836,-0.34840598932644257,-0.0332929664060635,-0.15346029221425775,0.5790794268989935,0.05232529664404853,-0.0454097293961603,0.02386298212233536,-0.03312262024781724,0.08566514745020204,-0.11052661444117316,0.035414622763998295,-0.01488182746393792,0.07212479213587226,0.04506757418292842,0.058949864187844314,-0.0707035729606623,-0.06030618719594724,0.041804222536195625,0.14495303840444693,-0.03455693424841591,-0.15205419349667587,0.026908455323970862,0.15037763784174302,-0.09119672265046767,-0.052292885372054135,3.7459331600220243E-4,8.239478674981173E-5,0.059196218949364,-0.01470461754604114,0.03015187203309598,-0.029480979539018022,-0.03520439769783488,0.10139445355793822,-0.279445814386955,0.1417066530249988,0.02632010789197877,-0.16528264971361104,0.12851102764115052,0.06429566316037404,-0.12218308181957564,-0.08913017714065813,0.11101682427157161,-0.040446127849031815,-0.19369385739410097,-0.022770685127410324,-0.14584108190321626,-0.014697271301860817,-0.12250802390843776,0.05801156552749096,0.03825902057405363,-0.021673545380243887,-0.008411009667205486,0.02322450190869358,0.21733011446290576,-0.1482898807215051,0.04628890527358164,0.06425222923496698,-0.22197720975204743,0.029302156574491315,-0.6170162094785474,0.7809121002876853,0.2662507952931998,-0.015092135052729098,0.4092176882951624,-0.3269596456149285,0.22529412975328594,0.15600696495924923,-0.10373943981636549,0.07566519846007232,-0.31804379576659536,0.06070343826090899,0.02657656514741001,-0.05732194831753657,-0.016095171431858915,0.02454040683961217,-0.09444411455566866,0.015984320012571513
0.18842506300515693,0.03470018878515382,-0.00688343492114833,0.1554425437331246,-0.030374581438290034,-0.22588662746125052,0.05964934376822921,0.03158633458768085,-0.0667595262377174,0.048523581886138346,0.098790522241564,0.019560847353606487,3.528875809500701E-4,0.07086962460461879,0.0759651180037068,-0.09117693845011594,0.1812906201090305,-0.08701396693203496,-0.01761028529118099,0.11099767398887324,-0.06646685581051816,-0.07489132794761888,0.059067934591412144,0.012752993150956918,-0.04845020125994598,-0.026095773923236684,-0.03593785420105087,0.06811872758342759,0.12322155235042931,0.06328241990184139,0.04270799892989441,-0.024996733056327474,1.7202210730972105E-6,-0.20749566442746242,-0.2045635226297988,-0.08833886871781677,-0.08279015157082277,-0.08223192147412531,-0.09261167530533447,-0.047752570186925636,-0.001350430841129402,0.057963384861102106,0.19986918792546843,0.029153008859975738,0.12434624113785901,0.1681697133953386,-0.003723017939836632,0.08116998696411708,0.10545163818400016,-0.1807311457443372,-0.17415888169597796,0.14538529006671616,-0.011374798632925055,0.40303146096771797,-0.02466866945232194,-0.027827522208757872,0.028712357621247925,0.06438458643894349,-0.1320839759295439,0.011618203867461261,0.07410003955620534,-0.006547742204531662,0.10805505870884731,-0.08761850513780392,-0.2619198127868238,-0.1280612116545402,-0.09144171186286247,0.035687384776152936,-0.025671432635556816,-0.09514029579238915,0.023613251199833044,0.021352841214775282,0.0066163351400274914,-0.17139881308529037,0.12069323047708116,0.13845223453968278,-0.08336214456680409,0.09787021858388703,0.058239615301743784,0.037215334238265084,0.11502392079459009,-0.4137877671170315,-0.170310814986241,-0.03772574615471188,-0.13295065240183745,-0.04111569327089727,0.1517242046422158,-0.11682912824938711,0.10724229370116152,-0.2517224208594808,0.04935854455626149,-0.27890658946493396,0.2005935291650058,0.06030409825528757,-0.048302160406442904,0.17852963410057623,-0.2887392587881744,-0.1440719173881745,-0.12150670998539895,-0.06202470132796672,0.1780644841618358,0.06482381458076783,-0.1538552701943365,0.2810562801676607,0.11901313640922945,0.29531665075421926,0.15957351856430851,-0.16983452110860225
0.07446051036593773,-0.0747071124235195,0.004343479556568529,0.07153257724578026,-0.1661089830524297,0.12468910183170996,0.1709787242830255,-0.3003806252140277,-0.01775955985376671,0.12410429668785417,-0.16776306251835255,-0.032465685549898926,0.0106677098250602,0.21288313018064237,-0.08733174891334418,-0.3056525559363898,0.4824872966259011,-0.09587564411684607,0.0826376574034016,-0.06819800049655106,0.009459683883541245,-0.02193672233819949,-0.11856800950538272,0.13480250044535322,0.18597955518497553,-0.21387544146301893,-0.0571480122808661,0.08628665233065466,-0.11912091066555411,0.05749414657858139,-0.12299061039794443,0.1718036388377788,0.023778412050718574,-0.22820922047017003,0.3463648289588908,-0.04874157039857532,0.005534047062020539,-0.12473155051133289,0.029883357404459986,0.05685409030951064,-0.08656585326579291,0.011941030042206851,0.22506979829750975,-0.19394338918860773,0.009717991091743592,0.12853480458036176,-0.1530414404354108,0.05463576138585809,-0.1318081981711552,0.10991842127941635,0.07265536740928645,-0.2881969612568044,0.4230531722229522,-0.10299856548636077,0.08863380536960203,-0.08953984420229007,0.03801435102206287,0.02649452888821293,-0.05893552388508163,0.10313297145621012,0.1378514417905514,-0.2057270643420704,-0.059563805468674104,-0.0049694626909481164,-0.1029282471477173,-0.044006673887730066,-0.13129910607267214,0.13821488182914612,-0.06596624476789385,-0.24902974996910443,0.40972486097494376,-0.10858931332222894,0.03274687977653048,-0.15966853497764147,4.039321021979488E-4,-0.030553089571012004,-0.11747946458621568,0.0773269570367849,0.18925291851870743,-0.19444479781790772,0.014829188449646,0.0959778372609537,-0.15761484464039266,-0.04650285126495474,-0.11223680102064884,0.21048351070668314,-0.08510926222987786,-0.2838428413582392,0.45272683863870805,0.024403122200011295,0.10840901828396732,-0.09639056350502144,0.07834376163051897,0.09781145773078923,-0.18853631326986323,0.04715475986475254,0.18061488258595237,-0.24234318469404054,0.03873964590019738,0.016232677832401628,-0.16319905564327444,-0.07192217289389516,-0.06010213675240771,0.22379195381990452,-0.08548340606831946,-0.2625760118302673,0.4976509065402881,-0.02485851046537466
-0.08718507134354962,0.057114594098507096,0.11319939207369677,0.08270916609616505,-0.008461590416731626,-0.051575453474476646,-0.07186267325729453,-0.07553568944723324,-0.03766172646131498,0.002185669691201722,0.028193203691567012,0.1360001005348043,-0.05319835462007409,-0.15903867813603198,-0.06393981258172086,0.25640956526040565,0.0357679419699514,-0.16829240492998715,0.06405074153144835,-0.0984264989187276,-0.17763355217835097,0.06688657660773546,0.08200558251151514,0.006408175160801359,0.1544398810464114,0.031080481204374164,-0.08827219129083592,0.004560658365855696,0.07686858524200532,0.10418424059427503,0.030490039087128766,0.04104462300945018,-0.02643233794467565,0.1370405552492634,-0.062082749423348155,0.08976236073937868,0.31965623318953645,-0.004692263162758377,-0.091644276590678,-0.006577825555789854,0.04987948977676878,-0.06191847180077061,0.05272115059137174,0.030899845057158704,-0.05506216413833892,0.03620578446720884,-0.03733322518017833,-0.23326300250610785,0.020781056012853537,-0.029351982693578867,0.020898534314570016,-0.08651819250006096,-0.05638761079053831,-0.06335510115117675,0.010682437237305262,0.05491211827085464,0.02456702238901912,-0.04287580766815651,0.05223171948223228,-0.03383032409551307,0.0949646953402371,-0.0586168890328097,0.18129346312439756,0.12847135431423415,-0.10686139300494585,0.05364195803058247,0.18491060832594808,0.13247015487683486,0.12130932417359191,-0.2239684362011253,0.039413081045571854,0.08400319127066994,0.12389522226658581,0.03869758834699017,-0.14335546527549123,0.04907741608325621,-0.0685013224831753,0.11448586951660578,0.20539886626013013,0.034213202617325564,0.08141467398328893,0.19496303040836738,-0.07620930526295286,0.09534372414604987,0.17693884633046697,-0.0010222397445167491,-0.11130364325611274,-0.16207888748843918,-0.057603321839035625,-0.08908716135235158,-0.14573321443321863,0.03815053024592296,0.0017284529122391112,-0.20411941364480005,-0.019777969343315695,-0.1292760625621218,-0.09248751290538133,-0.09858039700180851,0.006084708498614808,-0.09177891406910944,-0.1328107469522425,-0.05993686150799594,-0.40612394285443826,0.1083977123758364,-0.03233506823780757,-0.21691950084759629,0.061758079213221656,0.13604358518949522
-0.09236054395242008,0.028034532608130526,-0.004339566599703989,0.007765609985886952,0.04316540201176552,-0.016827563422197427,-0.007534957589426116,0.03314317126147981,-0.07370385169609316,0.048721076904088965,-0.030889162570453158,0.009774764417989365,0.07239248069431961,0.010733529826428664,-0.059720820815432785,0.0324971650240942,0.014133574069197227,-0.042078481369892166,-0.02844709644501419,-0.04649526529100225,-0.03989457809238673,0.024054111105283354,0.04355909192290999,-0.011220661378892324,0.07807881422925901,0.0079753457937503,-0.03817301005360081,0.08337226883211346,0.0045049420360071,-0.01784312286985034,0.02137469764600104,0.00723265501378091,-0.06720012084691313,0.03437893434219647,0.01034289515187922,-0.029660399829822045,0.05072331607229658,-0.012366032052880633,0.007235114673444035,-0.005442591529390551,-0.03343845622018927,-0.032994267063268225,0.06732441223437173,0.018491140408723336,-0.007315500695964499,-8.103817782722277E-4,-0.04820175452967023,-0.029334508342265888,-0.03997933989456452,-0.03709819879347319,0.0468484135927782,0.004021530696667207,0.04203790354275997,-0.035219744217799394,-4.6063548136374073E-4,0.007215789195423919,-0.03028418948159725,0.01933381344346017,0.04610818716942263,0.041522082647634455,0.002683633734768471,-0.011711953519535865,-7.150564583693549E-5,0.04244095527723713,0.0056845484506130965,0.009042798730269763,-0.03922576657290294,-0.038011887625018885,0.03257578176713594,0.05304883547766603,0.020750760123748536,0.018301354411959663,-0.006365729856485213,-0.027651785868368674,-0.013611536677033138,-0.027144952993323458,-0.021478965908732328,0.02596221961373379,0.0347439617572155,0.03801673023420374,-0.03195450315597604,0.02868337020333304,-0.03431314644982523,-0.04953001444974486,0.026792127219318982,0.02136536122887685,0.007159480984804648,0.07199245785837985,-0.01757502412951923,-0.06211551176244421,0.03199728615286546,0.010743714501674835,-0.062441090271610405,0.032528955007236904,-0.019631102683770163,-0.06669844741497742,0.04508539470959489,-0.002225299319898963,-0.062357769541728905,0.025506645535625785,0.028058780482886774,-0.03186085517179568,-0.015734466379148077,-0.017078908353267114,-0.022151744613880666,0.03081501732154722,-0.0015676231130005139,-0.008228317129308913
0.07750574273877263,0.06792386209871633,-0.3415859641349013,-0.032309986337689584,-0.06451798066019515,0.07659198393466461,-0.20470866074447946,0.08438602740356611,0.09228191492694479,0.21610909579768028,0.1400623182497905,-0.04945175285782704,-0.1055493320554834,-0.2011709626163788,-0.020536191010882634,-0.0680324231575815,0.09603984291682496,0.20810042718169058,0.031205262624509747,0.01902328684261396,-0.20612114370415355,-0.018813299980694947,0.023823690665405656,0.1800449848175364,-0.17958269139360952,0.11971690758504165,0.0986462764901096,0.18830710673869908,0.002072664075014191,-0.13785462705352117,-0.15285042021742715,-0.32331777310135007,-0.15955992184277903,0.054500584689935655,0.17651350038009628,0.20658313967408548,0.15734673792962736,0.1972957471095417,-0.10276310263366077,-0.12806509682970035,-0.09462336518781402,0.17448553425109703,-0.013987870917313681,0.1540892796693969,0.10346817141250274,0.23097202899322183,-0.07092378795606412,-0.2615897595822309,0.20930717039845692,-0.07907044036952879,-0.019173987449550078,-0.20848945767512125,0.018258573238462604,0.08099749247369525,-0.031126021054851117,0.0496444108375635,0.13240563498676627,-0.04760719129686066,-0.004342997638094989,0.19888047382719795,0.08230030515736313,-0.09488525805648271,-0.2723457414911463,-0.08173491353454011,0.014188026906533811,0.16524508534328797,0.06333347233895359,0.15999017878372707,0.021259959786439613,-0.019400139026908132,-0.2801928228979653,-0.2497486362837758,-0.12446295294417616,-0.1354093889353808,-0.14978155343787672,0.02095858147453931,0.0807880423487838,0.17761764678642933,0.010768345637001343,-0.14590502819331944,-0.2747642589938073,0.008696433138792611,0.05452165818484913,0.2245636288921379,0.05741711812178702,0.22428766523331561,0.06609511220937879,-0.012392345001871872,-0.2573550427060909,-0.19056823250912963,9.32629470566043E-4,-0.07624488627914372,-0.04948323740624886,-0.005722947899432122,0.09708871688578485,0.13383539320133603,0.12309444861846947,-0.0036708031697587854,-0.16044425194380438,-0.08119915556458261,-0.020048539769435738,0.1660834641369974,-0.13025092565409602,-0.027808773000239994,-0.06259950693322988,0.15337558114516422,0.11573920628597287,0.14539146736887737
-0.011685304037245332,-0.02172638763425115,-0.3478270404893596,0.15793469431152454,-0.10670880026537581,-0.049656402963818215,0.14400979898578756,-0.01987770230805581,-0.03322690549378936,-0.06805755602491645,0.03446349571156225,0.10071511481888813,0.03117136778785958,0.10092024804691163,-0.051702499741113565,0.02599171327864869,-0.07064834877062148,0.004132831599264087,-0.08033547901938451,0.04807158226108462,0.07725517728586181,0.15633446649783317,-0.05523850601281354,-0.4076742286824028,0.20892294207483608,0.0570642827494525,-0.3793629253531905,0.008838932343180103,0.0198671264200516,-0.017235857765633706,-0.0901034265512955,-0.003932944552279046,-0.07717398590784101,0.09837775901886599,0.05955360220685811,-0.059416866768194694,-0.1678296079740628,0.023190435974848513,0.5305185383627957,-0.09846774919377743,0.0057324446691414295,0.21289985033787595,0.1562709314984668,-0.23394004914721955,-0.21711219713050464,0.14257487063617358,-0.030524167306303827,-0.22634470317448557,0.08337657435808557,-0.08548551695690221,-0.040612704638373076,0.06003847930852107,-0.05213362946300719,0.0763174419781726,-0.06229187889144158,0.09927610467321443,0.03986483077085234,-0.1726950229855929,0.06882949255305129,0.3238190805823345,-0.05923522725128327,0.0045581436087588035,0.21631578679945193,0.122131218854418,-0.14282578913832875,-0.3112679330258446,0.18991168252336763,-0.13141101719945336,-0.1984039456784808,0.06233472484148493,-0.055271332042961446,-0.18629968606385544,0.021628665423728065,0.07945486641108701,-0.030173068321711773,-0.09059054773362744,0.13598883507997814,0.006913421886470677,-0.22373878842635572,0.09187373523579276,0.2625701544660542,-0.006860848120335176,-0.03543969959411067,0.2656548201054747,0.028423966123736204,-0.02444270964609205,0.02621542845800593,0.05298643776289986,-0.18810814435243844,-0.1776524679832102,-0.17483652260186705,0.027406569164020383,0.049593408666531745,-0.009124694036992034,0.11548198463605226,-0.07940925691347521,-0.038318667854799385,0.020595643489201888,0.024553411976465423,-0.12633998953997302,0.09890981068898103,0.20146782025642193,-0.13582869222529637,-0.005122338808604299,0.2344439030762864,0.021386841618337715,0.0462298056961692,0.20638113988981438
0.10700214293007643,0.006521335822349519,0.2631828928150185,-0.16820645893240618,0.08348395153989009,0.15138623972960677,0.06499016431087906,0.1315237389646065,0.09727491508713898,0.09256487269978729,-0.39201412795379986,-0.2960868630655448,-0.036541864095311974,0.02057025071226156,0.023076121757557085,-0.16122432661347388,0.06256449664514407,0.021184107206409414,-0.12523132459115072,-0.10379850976637889,-0.24436614543787735,0.025272600544488308,-0.07322784812386296,0.12770996692158454,0.05474329323992967,0.08047025869090131,0.3204815113871885,-0.14881129081226033,0.02467270743062402,0.14626012295865787,0.1650529701084345,0.045222192173441075,0.1019395755874023,0.1310745770514088,-0.17602299591179185,-0.11476803304667116,0.1868894047578755,0.13587814891836222,0.223969011063411,-0.1602535927165449,0.049992268508639276,0.1024216222508495,0.018404974593179437,-0.1566842685281528,-0.12681521587390154,0.3884485108207858,-0.3017594829082484,-0.42934522705110084,0.0417930534275579,-0.13158783669702973,-0.3064892492317956,-0.14628536508538434,0.15557741369950534,0.041242562876622,-0.04121834798951843,-0.027667018479863092,-0.2711094742190241,0.08119133261252472,-0.28289227158954106,-0.2698133014050267,0.12159665529584138,-0.2769322156295355,-0.1703008987752763,-0.1021115041259615,0.22530808236117592,0.058669537856122396,-0.16300637715221705,0.40889257209690805,0.24038663845663763,-0.011406836908150423,0.09001694265064038,0.114841766232037,-0.28038753448730935,0.05638089044438095,-0.2018562657848751,0.19819297368761546,0.2241346787871185,0.17477138428371639,0.18310848912706668,0.008521049502005164,0.16049122777997837,-0.25371149675371796,0.12970024663700902,0.0950939046758828,-0.15008927178763906,0.033209652427755684,0.03050982037737555,0.06573034702705882,-0.09880952541951599,-0.10359312496970406,0.19323790753647713,0.15409272868401988,0.08404441587780226,-0.10883353515624045,-0.02391115581873862,-0.04059234144639916,-0.15527029560939168,-0.04861129078458431,0.0756897411223808,-0.018878864505557216,-0.07349361939650284,0.004192295973691174,0.060378133412993786,-0.0324544347915743,-0.05704941285002682,-0.02283958196004561,0.07622871146373154,0.04490183539421939
0.033195527856630686,0.06904527014911531,-0.16028006718873036,-0.016197738528952035,0.026372443221412974,-0.06563827544620793,0.025953527484679887,0.07268410266483841,0.12458098049746129,-0.07196766972120269,-0.0573783749604733,0.20034468670869718,-0.012057058850549215,-0.10805308625248776,0.14275168194333174,-0.07228280484475967,-0.11924439886542913,0.09408995659618098,0.027866215787039125,0.1274627373468026,-0.11964368326496276,0.1366683276991124,0.19313281741436472,-0.19062036805708116,0.05531134305810924,0.09957281783233975,-0.22522468233617213,0.08052768459692396,0.11430955602615649,-0.25232207332139484,0.03842946405986097,0.05394504918661425,-0.10118342622583872,0.03412475153639909,0.16058300787112645,-0.09619186132081022,0.02515646385115426,0.14447900978455744,-0.13650169974607196,-0.08463788938994415,0.017505907342525665,-0.0873727054410304,-0.09421326167376005,0.009514762351707009,-0.06933315050269497,-0.06268385564994353,0.004402351482515874,0.12045046619033385,0.00969376445452255,-0.012543511530819614,-0.12582543158070872,0.043924786434603326,0.0741630317315928,-0.034793042225775186,0.10066693668896053,0.1996151282440936,0.046496240269776175,0.02962294780744933,0.20697792498074244,0.023762543637131393,0.13711540255829513,0.2729031259975166,-0.17965355864719934,0.10667075649188945,0.32926843133130784,-0.1793034695956189,0.16704655665684986,0.23462785341270329,-0.20438868480446962,0.2246080986142622,0.2284136751926415,-0.12287989595425071,-0.0611682983459174,-0.2626916184933214,0.04299938378104992,-0.08346857509236344,-0.07075581215884344,-0.08152782200666893,-0.04040645641171597,0.10379873008257144,-0.048593514312235346,-0.11024346099147857,0.036615804227477865,-0.1870890459871301,-0.10478260725369638,-0.012175151839648542,-0.04615884794240007,-0.04529863393588419,-0.10684103650860981,-0.12950032588583701,-0.07488078726784071,-0.44807285190684254,0.4081555725498073,3.8703828385536134E-4,-0.34051424226442284,0.296828980111104,-0.05133107763357691,-0.32030970322074204,0.30870282702557195,-0.08608193180026434,-0.3674036760353571,0.3823146287849676,-0.05558982560851094,-0.3310495889425186,0.38212982688224084,-0.09166720411470915,-0.36583364943228963,0.35588293490141154
-0.0011377431914741344,-0.07870295485252504,-0.07083858705964159,0.14798533853143062,-0.012359402481391375,0.055610255829962166,0.05415701012894502,0.07765392340382757,-0.03300312439977037,-0.03520145143399931,-0.06544084031196021,0.021726636408827816,0.07122920005345641,0.08463566149074232,-0.17388562455216847,-0.016794721296616518,0.07301766568177363,0.04853988569850257,0.009036760545914313,0.0689477225414543,0.10092922396533544,-0.2903654096145051,-0.08114109902517526,-0.020081352750989528,-0.1534860605111176,-0.18948162068924773,-0.16344104879667448,0.24031147598507074,0.0949493162763302,0.03183087196156527,0.11829040414167555,0.04539185685535347,-0.05683593890083719,-0.09601374634523681,-0.02399220114012967,0.06937469147143437,-2.2785612072454245E-4,0.0606659484459123,0.09090651066498834,-0.048118564849944534,0.09873822120415568,0.1665114700185149,-0.07964497732320501,-0.037081336054522344,0.08050914076790988,0.27021506644000154,0.06485734155122337,-0.10251429805084651,-0.03160358872753244,0.07563825409081432,0.10509068117352766,-0.1028100344511016,-0.12747246867938922,0.02621285498487519,-0.06075334494019981,-0.12915226985601322,-0.06268381520132474,0.30173293700830783,0.043750100855071826,0.1349799932102489,-0.4709048674273825,-0.1557544069479686,-0.17545687814536776,0.31501869901083995,-0.006926565882764587,-0.10118849547023641,-0.1968108909592951,0.04961696550668708,0.05978032803245719,-0.02346648031708531,-0.0015281934410400551,-0.024146320643118387,0.042689770469399646,0.003206634006176857,-0.042924146030917085,-0.13631395517571646,-0.011333844265698653,-0.03737723220838777,0.01531105770491039,-0.05233267673751125,-0.15058260500054643,0.45527511731147574,0.1542427859965356,0.17426768940394036,-0.34163246404244424,-0.001074321585711373,-0.012083176968698487,0.06401039785678278,-0.017168437672431053,0.02800828721292147,0.06087440149181399,-0.006360801855570878,-0.051512908588210976,0.01161507479342827,-0.0639118132348045,0.05648773898676918,0.25284316168707344,0.31164147274620324,0.22967544543728538,-0.2818871872774125,-0.3719176429467402,-0.23359300110756206,-0.038687387084378244,0.2114078718683739,0.13442613115620483,-0.04917857262974888,-0.06601771707342441,-0.09747908594687182
-0.19593321246076095,0.013382887351441757,0.04818998108978513,-0.04814466489340615,0.015525647836595685,-0.12943565581613084,-0.16566112885193535,0.1353220078288685,0.00156123732390105,-0.01028929296047279,0.16472402687639795,0.09511694170161315,0.08297386036862982,0.04841864386379509,0.04651064978976088,0.04721676147116346,0.19895044347024995,-0.0027317955909894635,0.09744586312810445,0.0065125772231198215,0.06167201627132809,0.15248340154994314,0.04368019508882709,-0.06411971917258312,-0.05773936514392671,0.13450916116536812,0.006962414191801215,-0.11936308505720312,-0.04357834099715182,-0.1202721533174703,0.23297466547224627,-0.011850554521963309,-0.057589136760766275,-0.12136107849383965,-0.13687998583560934,-0.06683677398058559,-0.12784818219773045,-0.3376112166056767,-0.18929194041576464,-0.03062788266795486,-0.07602149856828191,-0.28596478541972564,-0.04633702898816631,0.14165627557918167,0.019237885280185916,0.05869231396135558,-0.0800316057503811,0.011821313739469817,0.1426445260914724,-0.20840749158039656,-0.3848241046986503,0.09328554327157805,-0.13366130053762654,-0.07553025870914457,0.3638745449535282,0.26870744513639044,0.16450309815207895,0.24033938425100806,0.10171134909038747,0.0672743493157574,-0.3575645270293767,0.1555508784119749,0.0524733490505475,-0.28231161712385544,0.07417791933901483,0.11692955339071946,0.062360912427801445,-0.0575477191345591,0.3043356906558843,0.04459306983987094,0.08100957438819893,0.1271928547823134,0.09804951699525569,-0.1898861167704615,0.02520237084762941,-0.024319224395330498,-0.10774036154647275,0.0567625474277343,0.01085737595315485,0.36840684826141673,0.08025051099155132,-0.14764305772229042,0.32053535957305007,0.07394613117535496,-0.08569657473308746,-0.0524843243675614,0.1620826772674594,0.06280521951248912,-0.009816777010284833,0.059527880092120435,-0.2491307892122939,-0.11809686295547309,0.1559662538761548,0.29579732337190706,-0.2422681247139479,0.12357101746341344,0.14256162855834686,-0.25942724697706016,-0.41035915171764376,0.014776850344855945,0.07022350588333338,-0.2040199665906324,-0.2067108097588804,-0.10475301113284963,0.100693451020321,-0.1683904006188789,0.09526393281270872,-0.037678413447321805
-0.30965567381065645,0.4099353064007102,0.012726749890641513,0.22011404205367724,0.09079697895377464,-0.2880495860078181,-0.0803772647850915,0.07455431574584406,0.055921953587709024,-0.09730865243052354,-0.024634531889989528,0.12206079251229077,0.11079132438037347,-0.14730585136918722,-0.051153715641797305,0.09693072564480125,-0.07941346048464921,0.050580751145276645,-0.2932030929677686,0.6339857146725832,-0.5672128597898056,0.11746994597152138,0.15629727762461945,-0.20082132354621107,0.0584001352788855,-0.040417274323522615,-0.06873878797588111,0.12395033198961772,-0.15854509817644344,0.12654784662815996,0.07727830131392907,-0.14496995532056736,0.08896669655162251,0.03748809723171742,-0.2482119645459576,0.09744673240233444,-0.15941887539418356,0.3471196266277348,-0.0879780466616806,0.3349761942482044,-0.2505975823411984,-0.02144651630230115,-0.005409021744319592,-0.07621823511264056,0.1567651214843649,0.05136154560451076,-0.20111888729789615,0.13681030599151303,-0.02277062765521953,-0.1871974111298907,0.10576539969364868,0.23879561785171843,-0.2605783984335411,0.02103236048167481,-0.09916115282364477,-0.11336682565702348,0.17861537115936849,0.30945709962843065,-0.11259237236098643,-0.1196646948272072,0.04924827638845034,-0.05006675218013423,0.06231733690598093,0.10067401311159757,-0.1917869134986342,0.13506356141590808,0.05995909219476965,-0.1398316247417583,0.11396602930509955,0.04843651540489716,0.03671241705550842,-0.018324634641237944,-0.018424037182025906,-0.5534249459482901,0.4553892891544413,0.02503524048199536,-0.07788332481438082,0.01477309665286081,0.14761097446732913,-0.061217535075743845,-0.013332177886480428,-0.05808469740495307,-0.04185754499450805,-0.004911985837820084,-0.0395820246131598,0.02550029636709503,0.11071610384177985,0.11763922286822778,0.05503797705081092,-0.15197691589918216,-0.1791519127111464,0.0232300321651504,0.11429387516858583,0.19998423221689304,-0.10909508705688184,-0.11626125897727545,-0.03856958739852363,-0.05103761759019794,-0.01357424954028713,-0.22471449987095019,0.24506322730468175,-0.03653599140320144,-0.24198580383163132,0.3847673403130479,-0.2746352148975169,-0.04173618092302058,0.3264687495917591,-0.22928318104258028
-0.013290460716176653,0.011357262610865625,0.12246571818784904,0.00175831145769157,-0.08821448671642271,-0.18594177538907197,0.24135485617144897,0.19958078740319526,-0.25271031658909276,-0.36981483637928914,-0.030415750854069015,0.29177327007477094,-0.04169125890259135,0.17338080270089776,0.13984876974889596,-0.02302819330881909,-0.08231855938462997,-5.570687525166928E-4,-0.18185850854976376,-0.05936350678399514,0.0121801651923662,0.04616513709036114,0.30890230498047266,0.03406179770158691,0.015710700639802826,-0.6730023462673823,0.10887734229105438,0.06821549014873018,0.08367580990767308,0.09673157847620575,0.03372141488971431,0.05460391083583997,-0.25087235107672773,-0.012770810418797022,0.01580199379232695,0.02434652007723947,0.31146935396374126,-0.09990749747321694,-0.181726414701272,-0.10946709352819135,0.3798949761445608,-0.31163233399886425,0.0397924210979329,-0.24480701421354126,0.34772459923396637,0.2237609920538407,0.25500327705168113,-0.1924231949994283,0.17120272651846727,-0.09011392412192928,-0.22123343024614772,-0.1699153564835738,-0.12084160758271939,0.26250773940258754,-0.040122294143777944,-0.16959271363108316,-0.13096539444105848,-0.2679210757321735,-0.2709604155590741,0.5842480641399819,-0.012894018031667362,-0.03755716648474535,-0.12574063260222154,0.006035253219167071,0.24013907503084944,-0.03726760474776453,-0.14613180286642297,-0.4319181776793258,0.12416058827150155,0.14468767148797007,0.42501130480246124,0.0539658545782127,0.012809026423104337,-0.02601743075994593,0.08360714079839791,0.11070782293909795,0.18173740431638027,0.22687445557011646,0.16363118946962635,0.045915640481757336,0.009280220505131762,-0.09037318490633951,-0.10557305306980844,-0.27275081743406343,0.022503875251529144,0.11903257973467485,0.23209459681816458,-0.12193874206863327,-0.05414554216285814,-0.31859936742644507,-0.029833904367748913,0.021504583918769984,0.0936779681875356,-0.21174019351131765,0.08056740930456475,-0.20035531375800542,-0.030285923010292207,0.3759464026469631,-0.20789356073642518,-0.14166864798482062,0.19682806615404075,-0.12579539841546922,0.15291986934211688,-0.2134621700544057,0.017328920918494316,0.1731042123280261,-0.20220259809079202,0.057437281101877936
-0.030416921613300365,0.050390090823974755,0.05436250551580012,-0.03764610324367319,-0.07679103652090526,-0.11907105738348513,0.049598096810818344,0.24092190306463537,0.1080173086283505,-0.25604186880317725,-0.17239645628460537,-0.13347338484525392,-0.004577889719047845,0.16235261629464903,0.10954304719755163,-0.18087649821895846,-0.0013263221292361116,-0.10223238193791082,-0.08821959143714354,0.04224638676522229,0.023277748685630862,-0.08401786525531264,-0.14336783668547778,-0.11092793131765653,0.04847333358445765,0.10654587810841946,0.0031503835773942614,-0.06970956054705858,-0.09209395932079054,-0.15156672056854414,0.1656443909576719,0.18055497320809805,0.16820686335097965,0.029474982482329132,-0.05578604180967991,0.05339467788771366,-0.10185530724860008,0.03485908204103072,0.06480582308875052,0.39135295764307204,0.16410096819560124,0.2240684233683389,0.018780759522538847,-0.0732103907204084,-0.06719325945522021,0.04203628207152602,0.016079246697207946,0.027216247777691115,-0.02291287586645095,-0.009281165812120473,-0.10378423305126219,0.10949064041622168,-0.06323048096354578,-0.05958114500955107,-0.22262900562707214,-0.11008871893421217,-0.04206100040732257,-0.062482576123854855,-0.1153074573669906,-0.13187664742452743,0.1671739466666361,0.17031491546050317,0.05514380649587157,0.08524992699764951,-0.1605156095084841,-0.11849738264828272,0.048749117064234626,-0.09946814577256893,-0.057092165381609376,0.12432616446837352,0.036720081762525024,0.0916208423474313,0.03708035547501359,0.013268625454238219,0.042922199730266425,-0.015740224358027816,0.04274686098889207,0.022635092217611945,-0.10917154574281085,0.04499540811207273,-0.11259944547917212,-0.07117789088221099,-0.17358913443333027,-0.09302004117382444,0.1813971317168265,0.13758005856738753,0.2250320817110138,-0.03454936767662023,-0.16404474085648066,-0.055319955375846205,0.07488166584778437,-0.18648066272421615,-0.01839232382704574,-0.13242437860504144,0.044851784184241024,-0.06471405072890626,0.08996897881057371,0.2920604334102902,0.1665771280704843,-0.22659879521410436,-0.1389060449784254,-0.09218415856442347,0.15821687332733542,0.2076148924557532,0.23788394482485153,-0.09118026052404149,-0.10572989158234218,-0.07053046350595137
-0.21990513604830858,0.027844647496958436,0.059969967082194216,0.1614256801121324,0.03262889426480928,-0.08646208422113494,0.10947360862308803,0.1888122411238403,-0.018083691734530716,-0.164061866540608,-0.23914902491604084,0.13941139781374542,-0.04524475592760279,-0.07279672770630853,0.03723189273209714,0.08387432536570821,-0.03848135551237602,-0.024371438533724067,-0.11288200898590324,-0.10016095994063696,0.0992048409709504,0.12098482996930268,0.06944759279920865,-0.03944836005719866,0.2789704189153106,-0.03628553603220747,-0.18513810489862526,-0.2250282450897587,-0.09552300007173099,0.1320920802013848,-0.12455855956987189,0.009980957937738366,0.11355769134447889,0.08670679770882223,0.05152984311581458,-0.08896295432620631,-0.10856836608284995,-0.14567982291746362,0.2268461941750919,-0.11751163910916565,0.0594269813939098,-0.090624125815377,0.18664672685371098,0.08735068454597897,-0.15575256382938396,0.021701122672460053,-0.09219906516648352,0.1937018418655427,-0.2404414352255285,-0.07206843041782417,0.1246900712632537,0.2418416919096075,0.0865855154626923,-0.19255275898890142,-0.2382649010583598,0.04186921985803555,-0.03280997919004853,0.31862346302340205,0.06143804581737447,-5.346194200044484E-4,0.0464447186002868,-0.013043292286336444,-0.1298711815789879,0.10825699568537575,-0.019694259683439352,-0.060006238082012275,-0.20527048399083955,-0.2513751015258342,0.2785681196493601,0.2565559327433706,0.11015153236224488,-0.006471172148037211,0.14897064296477117,-0.006777448374694971,0.009931038834860502,-0.27213210796112686,-0.0543110843532068,0.03461578029745175,0.258577166199672,-0.031664561307337545,-0.1083301960081697,0.28559411727816464,0.1270168318454552,0.04055473600568125,-0.614889477047295,-0.21133369707597605,0.09139546284823472,0.25853888807328157,0.13672091861357516,-0.15422110897302374,0.27143394609804017,0.16733439238368994,-0.29052236759342337,-0.4693503178796327,-0.028018156349494366,0.32614282009724777,0.10793225537105756,0.015316826987704577,-0.06176023533596417,0.4622642737117561,0.21484274945575285,-0.3894644305336085,-0.3570347459068658,-0.04188477773475118,0.39915259184546265,-0.2864456263243738,-0.05801469310558622,-0.0847377285299429
-0.3666877772851267,0.13449989951329486,0.04904506561691957,-0.01243338915583902,0.04768609324673818,-0.0420338302702613,-0.08169807207822817,0.02653589376313521,0.06471517426868996,0.029499649446395087,0.06326889263897036,-0.058206519516979215,-0.07777454889574513,-0.014395741604475432,-0.09885019756848375,-0.11350192283184304,0.183930525272708,-0.11560711357739548,-0.003921354725865757,-0.04964711851345117,0.15501078191780765,-0.03387586781554232,-0.0972759445935493,0.06657419132381147,-0.0884907507503383,0.06370530664985072,0.02244303981413964,0.1091779342714936,0.05739876031707707,0.05468959652268471,0.03388991528811063,0.016008328508545718,0.007808526681749582,-0.003846081700137822,0.12279793112712682,-0.12084947649090963,0.14924451508460787,-0.11698407886958727,0.0034519287751180834,-0.04141304811510995,-0.10455567120830042,0.1327173277119536,-0.04636120074109345,-0.10991246965218643,0.20214710786119544,0.014530406472966446,0.016642670681761243,-0.03574085553520395,-0.014982372346992656,0.033308531680932396,-0.07154231590536253,0.021869775450201048,0.1336911349340106,-0.11130673894115042,0.27649539704375636,-0.046906860116500096,0.004661541371308913,-0.021248084434869467,-0.23680354553837055,0.29405525700905794,-0.019497895325607365,-0.08796691143552382,0.007356224254036005,-0.15493004970454857,0.15159512527191016,-0.12998608331805778,-0.022505813077154567,0.05255205965245935,-0.15521963591395319,0.01268999997507514,-0.05288152258436825,-0.0046461746294118,0.15602560414794198,-0.19892925101962924,-0.2518416965725912,0.025415671052070717,-0.11548920572720946,0.2751490056406191,-0.021223856248528922,-0.08376449228938583,0.148250816598014,-0.11848283769358874,0.16453004561726012,-0.028017879992092678,0.0568175785486241,0.10674406530498483,-0.12352084800154302,0.07551817521781745,0.06481693317612501,-0.05888186629571982,0.17490414141570568,-0.18292777121400655,-0.14315767019467016,-0.02144560682933584,-0.4065827847732126,0.6957341013827929,-0.08998529261570111,-0.12826188797176807,0.11276113922402664,-0.14176634266123436,0.2622066617119685,0.011359886326771255,0.03621581018139093,0.19578316339587784,-0.23857939765022063,-8.942980627513357E-5,-0.18476796186480182,0.1242731014171258
-0.1540742223021814,-0.04667560698458674,-0.0424338083435856,0.16017591159599853,0.3199613386065954,0.10025920450727054,0.24734684695011527,0.1802977835939382,0.01281224788427485,0.017499939347384863,-0.023129554225489075,-0.10347283558680752,-0.06480537449705844,0.04496885245424314,-0.02184333373727523,0.05878256611560276,0.05270809462015343,-0.024369462434217413,-0.11188354737204866,-0.021726759665134137,0.0041998979378911495,-0.17665906185948693,-0.058772517475277425,-0.1414090725242872,-0.032037040246777476,-0.1638661765425364,-0.17302998325129884,0.041378406085271685,0.001956800053301681,-0.09272693512264607,0.10480342957294021,0.050027171554828345,-0.06420869833677215,0.06223618267851784,-0.08570119682460482,-0.022219994566204028,0.05360566759863824,0.022737168363396985,-0.11117702512605307,0.01954975076993049,0.015181214427540888,-2.5821840459052243E-4,0.047180315069978086,0.12725694490612516,0.09881770976653778,-0.03950733618451738,0.02443712602433202,0.01750555053471657,-0.01708314379964287,-0.14305399976153463,-0.056018549141884796,-0.012902416931835843,0.04271305408326165,0.008170322887432652,0.13635241714473517,0.0957561001294123,0.037647348484742674,0.0943791111020323,0.03653196625031257,-0.044481430159523674,-0.11472520008629615,0.06285003621584086,-0.03697293578387973,-0.035470340878249046,0.034601681043503627,0.0446008695468809,0.17854739063156363,-0.018701897154316763,0.05126775406295277,-0.012126160256511361,0.07745819705659113,0.11327152490894545,-0.08554847426079516,0.1370088561265506,0.02437842165151734,0.0611858457553805,-0.006669692544501992,0.1993782438016256,0.11464505782327614,-0.03369270161754927,0.39823862166286256,0.07357660159034009,0.14484934643848088,0.1063595296042971,-0.17075853729032414,-0.007310273818977232,0.07957005999723961,0.19144561511482733,-0.0977858514114055,-0.04757975441068055,0.08995652056779821,0.09431121785762948,-0.07301260816642412,-0.05577164627172133,-0.12477844815069669,-0.1327020688473236,-0.12191062383410581,-0.3628884725527105,-0.09855060823621947,-0.14554402785790294,-0.2730172122385163,-0.15544180029572152,-0.18070404134508541,-0.10316927842274612,0.018094906954618333,-0.1179241560189755,-0.11222664507063479,0.141680218775387
0.23480835032742672,0.10532629814634506,-0.042507754061378134,-0.11440623188120627,0.006140652318188935,-0.2547201560513498,0.2656643691295748,-0.08864879234542802,-0.2375076448756098,0.2689710732454951,-0.18442223115921894,-0.02342311311372805,-0.2443804307050557,0.18651270416355725,-0.1001123729049435,-0.3735978634077959,0.3465863685038144,0.15808072033454748,0.06621834889604897,0.04717473543014093,-0.2270054669329008,0.007453718265417105,0.11755295073943195,-0.01189313834684829,-0.009255404126387973,-0.13107372092039107,0.04880846769097011,-0.03983687037070999,-0.11702660677502408,-0.15513516125841365,-0.02496660346547649,0.045659056748269644,-0.017086489758550084,-0.05865653818197439,0.056643979257229846,-0.04212075363692138,0.01798415179282434,-0.1349795185568527,-0.2156448136772903,-0.06636734895603033,-0.23785712213994278,-0.11387752735135558,0.05362315156253457,0.22893442169011907,0.19197092598455576,-0.13601390364339622,0.14740386474278847,0.25270805953194064,-0.10030106312289921,-0.04436931950459959,0.10875460169658706,0.3459605914067968,-0.056068415707526464,0.11090992622358058,0.20413329299371305,-0.0023335324654631157,0.24010023233645578,0.1055823867896407,-0.16487473240565445,-0.11511275368605511,-0.37031897367460814,-0.03730011894326323,-0.018976679709441942,-0.08363337672640425,0.21877093698866595,0.12475262837837682,0.05649376649579647,-0.08550568601712394,-0.024544546326778778,0.15909020591812992,-0.2867759116580683,-0.1831967057782444,-0.05618350568260667,-0.23838996426168094,-0.06676078152932771,0.34306919037307765,0.01865899778281233,0.14897356163457823,-0.13273970188761913,0.05854852159297858,0.036956432130604185,-0.1951238058579747,0.20798928803260466,-0.06849410782481223,0.122524455826258,0.020641886889784456,0.022225616517027945,0.03364967181018657,-0.17753906199721692,-0.08485222902883154,-0.03479897358395889,0.1410018020725188,0.05729464360811732,-0.017339488865204557,-0.040650366452587426,0.09399535341256315,0.029009617946334568,0.11964830446476116,0.28150514585065145,-0.11411827724854201,0.02240996507936969,-0.06896463777273004,0.09164490155500547,-0.10076508645714051,-0.049001463121284256,0.02218936182315234,-0.06784298675569181,0.0886913876943476
-0.0406569527334878,-0.03683837325347388,0.04949263366660418,0.16251426014835188,-0.16746234257511952,-0.09185189767075497,0.031113762799199456,0.1440030278895672,-0.012751995594558316,0.08105658234533338,0.008245137620979852,-0.3187138088185622,-0.04121321450490165,0.0902756518612449,-0.18650265387667483,-0.09789747792606698,0.24060668267820606,0.26487042044331943,0.18043844891774366,-0.002726237256100078,-0.022252500292928887,-0.2779211915420564,0.0747244058298147,-0.14886587736393325,-0.27169840056189937,0.21265600686790426,0.04478920828527523,-0.34144704590376396,0.17645080675045371,0.0542701554525504,-0.09457412925147038,0.2970794335379108,0.049174318998426246,0.2915326115006226,-0.44161003180396396,-0.13383545062776644,-0.07652062211725098,0.1085400738185635,0.18685990681007617,-0.008966500586886389,0.1737142116585289,0.13013004498401665,-0.2531846077144897,0.13161422310663545,0.16088089498858504,-0.28494220707537365,0.19730230765847925,0.15696735496810255,-0.1539132738989297,0.17592437743106207,0.050606442735437344,0.25463894224174854,-0.39267472752134697,-0.5473731950412352,-0.12690467350055024,-0.05496522428319261,-0.012720704162254739,0.19344311720869917,-0.24867939143006387,-0.18605962825083283,0.1482668802977521,-0.12329328194532115,0.027882486887786922,0.07670148525346701,-0.11796686601969263,0.021879018473708083,0.0934435299247266,-0.1436731764654661,0.304626254176017,-0.12506328220285876,0.42425873467573333,0.14564094751672332,0.1900857081957264,-0.16861748855621875,-0.1090292021140861,0.09425938992751805,-0.018523201756966593,-0.008464940572086303,0.2145200357811965,-0.07414862640576127,0.06865704304665056,0.029476009478085135,-0.030247634554845124,0.099925779830189,-0.12996199971559735,-0.12633742528592495,0.10219678333934834,0.057626436808806816,-0.03902512603235819,0.035048279669889465,0.23848281612803074,-0.18110380730319603,-0.11173730612234173,0.012605560227279575,0.043673088663195955,0.10142939477060893,-0.19883183390597942,0.10820713001283604,-0.005050879329255153,-0.014843619634010843,0.08258917410543964,0.10391499850629694,-0.0974176836546901,0.066526803006122,-0.2017251471952067,-0.09310984527076961,0.08343424843197307,-0.155367614764168
3.087971492507719E-4,-0.144063935857109,-0.026723498166718065,-0.005680810356988775,0.09400466546474949,-0.16637149716532856,-0.0408796741219005,0.04030390407954364,-0.152523514498218,0.11986197542312801,0.039538207078885224,0.057024982170416356,0.013011207576698465,0.02658371063240117,0.01996233778667054,-0.08110599721200773,0.11407046700223489,0.08360802968787899,-0.09139509419082796,-0.19083569815694837,-0.03234221097929594,-0.08360043596020783,-0.04880274013855427,-0.05585596995394101,0.08407937683056405,0.08090586034185634,-0.06250675276815468,0.04191568380124111,-0.04416558470962901,-0.10479728086018723,0.06782908403258904,-0.106417791926349,-0.11406584465027286,-0.045751814573359334,0.06894377488862748,-0.06831360575690193,0.03303696102286986,0.010348751256202476,0.18773944968059034,-0.05070112876723564,-0.10617261522326818,-0.10333804628972867,-0.04006714282832972,-0.09715270214724246,-0.07247573609897039,-0.013776273420935214,-0.00264025996583356,-0.10037593008243295,0.06697986506626924,0.09220179490223974,-0.008246730420945002,0.021132090112617262,0.08482432743611343,0.0833504375542913,0.015217841156407,0.14775425737820788,0.17872742808929953,0.025956008647244302,-0.08850355361874773,-0.016096806209419973,-0.0381892667983816,-0.12503779942160528,-0.049864201274564084,-0.07220299949550373,0.028390150688966474,-0.15529812748014968,-0.03508505189794405,-0.015390028722635915,-0.010035852535479829,-0.013333569987915619,-0.06802482636725295,0.09890941595887535,0.046401550856072483,0.23735092131281826,0.11347327214339181,0.1195880958478549,0.05226594846932734,0.22865429038385549,0.01057018674741788,-0.03489722456725747,0.22835511933747082,-0.06672824139468324,-0.03881445914247475,-0.1735909148501845,-0.07523210661380625,-0.13730417454826147,-0.10765194434870264,-0.033000788160762816,-0.2261107767995211,-0.040454405226183605,-0.13637994910743204,0.08754980854129615,-0.13990197311581365,-0.062370549853837984,0.04024393612671143,0.1952574486762243,0.024801591214505127,0.029865732806096796,0.3070609379949213,0.19059852300269167,0.18723558529156778,0.08007305895150661,0.17649555778923698,0.07906486884697446,-0.014621817049744102,0.01924908167441782,-0.19456995992157466,-0.05083578205650226
-0.15802104083455057,-0.04162664327559236,-0.0880557767916848,0.044246025977923716,0.07736139649437304,-0.10091217096173494,0.15429599983946685,0.17381140074004708,-0.02440540873086654,0.11858527444523422,0.04281867163331853,0.029104943119087512,0.08920779592886174,-0.043335868454956274,0.13095538826961306,-0.1847767406699472,0.0279784969248674,-0.0467123100798264,0.07615356287315476,0.023795389275252713,-0.029562921859021957,0.1861092548487217,-0.011701009459896033,-0.005884581219297385,0.14418192813784145,-0.07522071447096493,0.00204003423159388,0.14176233789099857,0.1302306366617433,0.03575739274768075,-0.084073925491204,-0.061137739592809354,0.0015678029623700876,-0.19618306022935092,0.05968519315829805,-0.201584537129701,0.22247345111010441,-0.008203406275639242,-0.01528442043388087,0.21691504566191125,-0.07791079320052964,0.10204325874564148,0.25653137850668484,-0.21146060486942045,0.08331850903893226,-0.014022763866024565,-0.14697948095117805,-0.05019053236876812,-0.20138860811792483,-0.27302901274499203,0.32917999214401505,-0.2212206873615778,-0.009807211528995505,-0.009639261944186534,0.18122029768677553,-0.0449667861132444,0.09392907836262358,0.06631458338878424,-0.06113096710274088,0.07431967256110945,-0.06346173324928944,-0.042852297679204676,0.008678973062754053,-0.3501565407119049,0.02834518284070747,0.0313976415655366,-0.21268057166984042,-0.008285325024450788,-0.04859546643727741,0.22446111948189126,0.03878747557580333,-0.09232946022266075,0.13689087959897955,-0.048821991789090156,-0.018084704885816667,-0.09043070139919276,-0.059482953603055534,-0.013132854086095986,-0.1881549326941802,-0.04060753524553317,0.03410323479032427,-0.180932677462355,0.05091588509710058,-1.441652865177069E-4,0.018857469552806216,0.06316521659118161,-0.007736260920013611,0.22709933204027566,0.09563807978225533,-0.05468839572678806,-0.26890726845243235,0.041671608151680244,0.13456461991737084,-0.2999585371946233,0.025373674464035524,-0.006823394157013615,-0.2773191534947914,0.04447937116188327,-0.09004203597196545,0.10237525781161967,0.016764763717229885,-0.047071205287477116,0.2307503705460053,0.11959392411931603,-0.023892219678500786,0.1749008316395846,0.07868810692716209,-0.010387400942704328
-0.09903283637478603,-0.06695724122317927,-0.1351286289361247,0.09228443378116283,0.21824112630345258,0.19666428162932853,-0.023778154146640553,-0.021264657577069055,-0.07783830016852512,0.010136479830836527,-0.128311772978527,0.02871217516046509,0.03592108380581411,-0.03792875455953759,0.08324095621743674,0.04921078824768867,-0.06063073255189751,-0.004194364480082717,-0.08883561340346054,-0.08119680952079479,0.13031963831849155,-0.10922347307498287,0.08675724265064488,-0.014415852594881307,-0.1644610568479274,-0.09832355402873848,-0.17270482168957163,0.09372868592881513,0.08902825195750975,0.03469148871979933,0.11080531158608115,-0.14041559292725359,-0.04086840545399503,0.0952466114540467,-0.034938323589203124,0.011920361488096555,0.10853649664396273,-0.12441254759536165,0.12160914280978814,0.1398578029578516,0.19985151102791618,0.15739557791390074,-0.045439414515803564,0.019030986919321317,0.052717825867805546,-0.0033484600349625426,-0.1949362898504346,-0.08250733426756794,0.051444713350288,-0.019170191974545853,-0.020141947358241014,0.08403861888645088,-0.09015401645491312,-0.02889977424644801,-0.015346594586815431,-0.03374275228732821,-0.19610005179511847,-0.07964277309775407,0.15470254389381266,-0.0344791198970319,0.09489696668133137,0.1771607096465996,0.17233192374096423,-0.008074522186814126,-0.20323926841316006,-0.09817849656201305,0.027984097012274584,0.016184917582331277,0.06079323304147854,0.10660543144663118,-0.15910637709923572,-0.12444754801579926,0.025572881388186502,0.09019981406809012,-0.004145990421184459,-0.07473807901563902,-0.21425151146070442,-0.3023776438114367,0.3051723004752911,0.48678514090330116,0.2767546715254423,-0.4114015469857973,0.1471315081904358,-0.06475914342059785,-0.11056654689534683,0.07479007011637882,-0.05366715808792236,-0.15884826764617632,0.14957649337408419,0.0990668487666229,0.055132812699908766,-0.12758782258346807,0.0014720182094136326,0.10163673820997018,-0.2841337438253496,-0.037193874900438184,-0.056538117326565135,0.007307414298232596,-0.16182610779091622,-0.012152562666281988,0.3399781007110743,0.17407310986771243,-0.13089475080851792,-0.08109429646157791,-0.050893366714094834,-0.02619564937780965,0.05849497821876462,0.019895710556283377
-0.21283842748711287,0.09022847754869441,0.14810060207846357,-0.047138295609617936,-0.11461607630601525,-0.09767359211244553,0.042901433630349206,0.012653224898474397,0.06553653193107432,-0.11675342179460461,-0.009808250393460075,-0.013804236374385565,0.28382124338318804,-0.16439221459271938,-0.03564487354343365,0.3341783606940933,-0.2708297755001425,-0.11943617011227832,0.2968733955034199,-0.21243823120904595,-0.15761470057016602,-0.21124889394999902,-0.12508558125855782,0.21079413592015742,0.002765101864655003,0.01883285669475577,0.1195976111067924,-0.22163860286862455,0.12894759540731918,0.11593928331566036,-0.14973636836161086,0.07738469330871298,-0.02234024047241417,-0.016191972081783575,0.12298181783564996,0.039740406615022435,0.09510846915478527,-0.3312439381416224,-0.1909335762000737,-0.09397727459851787,0.2527749154013339,0.07290185749116772,0.03503952196140725,-0.3678163712800297,-0.17866125847213782,-0.03160028905255586,-0.007538293224526281,0.14823264617781345,-0.26313739105162987,0.022707437308887017,0.20192959359565876,-0.22486706124846,-0.06636556990984581,0.14100666188702915,0.14303724596197154,-0.01048617549319435,0.0892668934838561,-0.11493627780724776,-0.01742638548236305,-0.18669940183410805,0.29773340639619683,-0.05434691301307748,-0.13104529979126234,0.055142429601554174,-0.010650659703404591,-0.10437055454684717,-0.04687403301231931,-0.14340161191436374,-0.1751321405935164,0.3425157550365583,-0.31322394157950945,-0.17682141830532855,0.039147473008276173,0.017166946095821756,0.08249936188986196,0.1902579304912267,0.050197313003093005,0.06161331984338875,0.03497631323448759,0.04909093021640602,0.04412496482760028,-0.0029345861794678046,-0.0014491232489403927,-0.12260029774449648,0.2885389479037088,0.2297204939666519,0.008835435027099547,0.22157929024868467,0.10290198842202465,-0.13053860768066072,-0.038506223249171426,0.11781583256807246,0.11825390511386813,-0.17733032037274038,0.1827034003237526,0.006427255133656523,-0.15513423572570867,0.16305482476330402,0.047208602714099906,0.13500983941934444,-0.004421272628224421,0.12387129568076212,-0.1255292746817937,-0.01954809712080248,0.05616881683587002,-0.5671700486241944,0.3712092159129049,0.15490328128501019
-0.12075950921071205,-0.10891856448148537,0.07146758888517817,-0.1081015764403668,-0.04168575242226824,0.1875141936096657,-0.1064937927735402,0.02422344396968469,0.029741420216412837,-0.1369271005403139,-0.05568355381779544,0.08739578985058688,-0.05519233872959552,-0.12101853232253734,0.08567306637648459,0.03003816393357571,-0.05478802235029187,0.04806508334841236,0.10330452380903264,0.06853906901455767,0.26731161761597394,-0.14139695563845392,-0.13598986218305378,0.07599465950221643,-0.12927630201684667,-0.07239784939293996,0.06422629895911078,-0.028598436016642886,-0.2324730436084091,0.034503116041045445,0.04303322232273863,-0.023222004948423147,0.17983256614649784,0.10135593740508292,-0.06082761251123083,0.02543410539708657,-0.10602312883950923,-0.07503911577594957,-0.08021906543970825,-0.07078285397515499,-0.12359165844139455,-0.033166165333178024,-0.006212267764818126,0.09994927006851972,0.12693174912358607,-0.03619537038039294,0.16071628605098212,0.009519566789730136,0.048848772065818724,0.08657468923208736,-0.08966371549368406,0.06663785127816133,-0.03951301922159627,-0.11379979865779673,-0.06510159080584316,0.008954881000633906,-0.03421762255293473,0.057699779484728236,0.19354992608058808,0.11418031090920513,0.037602780688585184,0.2568096026311336,-0.054946712297760825,-0.04079415737633167,-0.03690453711244737,-0.22237133352946362,0.025131120703410677,-0.06670818448581925,-0.12087069438788711,0.12323335399396729,0.04623302660982349,-0.01759262356310727,0.1264388673196098,0.0876472208385238,0.07650633050745748,-0.014886830059381233,0.04257465611966814,-0.1836609693436329,-0.0741601745592364,-0.08693717796484166,-0.09180507293240468,0.023258161395305104,0.1620684278250093,0.010406492966175011,0.07083889458060688,0.08689950337945455,0.03464909537091301,0.007739830211020097,-0.16490694580017956,0.01765967500748225,-0.08133383605489113,-0.1237932831242203,0.0261949871866278,0.09567725747460616,-0.0953432567276441,0.08859270997700115,0.0030819354673525673,0.011437514935906144,0.05979869324998334,0.07389407487010509,-0.00855446369129758,-0.03772536439029445,0.006253655880929944,-0.08967654590985082,-0.01650513236652454,-0.05736136854005858,-0.004291923248444879,0.1965655306281008
-0.14102460646864035,-0.14855046213421588,0.2934219682086591,-0.11869641849838378,0.17353205021651735,-0.13626021664714638,0.26698149269201393,-0.08510284114280352,0.041912958219996785,0.09723633004012153,0.7964495389143674,-0.7568131089816375,-0.6049733034452528,0.28695006714709376,0.12941399578268048,0.379184955838206,-0.371153259953332,0.056115281037309096,-0.04177528291175999,-0.1462019688356151,-0.09355598931239978,-0.04964695271076336,-0.007365664230669693,-0.05319181510859522,-0.19395230209194744,-0.15728240520089692,0.24501742510294797,-0.3104933703966551,0.13998684440935036,-0.04480338483600799,0.3786914303789402,-0.09943262593268494,0.15472329837935767,0.3507886372169293,-0.12187045741510165,-0.13687911368933528,0.04567611127630994,0.08784684580396185,0.13576935430943687,0.020927035782904505,-0.11880703050466897,0.06837082530661354,0.037857181932410125,0.05169356764497485,-0.21086042107767916,-0.16011315440631124,-0.08283185866003574,0.11814133690637929,0.06575369108731496,-0.21400378941500975,0.2918055595632285,-0.23097854697797326,-0.10344326399782199,0.07850647491296706,0.01902011707468823,-0.07349212139962943,0.03588147529767661,0.20272344543420123,0.06267743390180333,-0.036505089970086745,-0.16776481065407264,-0.0224487056963077,0.11714072927139346,0.03504960421164992,-0.1615342004831285,0.20920944925523796,0.48505985043593186,0.396487343378227,-0.8472841632783059,0.30402012117920685,-0.09116300340069311,-0.0048197458125635445,-0.21007182877952735,0.0788064703646058,0.1268306266500912,-0.09530740379220151,0.13060402829135576,-0.24607730614290063,-0.1255614771284618,0.1465642883120239,0.12175664401174943,-0.19283095446914614,-0.15866048655606274,0.23194242139878762,-0.061375396349477654,0.21580907372655173,-0.2852030999877785,-0.1870254546715276,-0.1278786506070254,0.15660016206777017,0.07672749182572824,-0.09641568106078255,-0.09926138433117833,0.08126203861713828,0.04066433296457639,0.006890203139715487,-0.009824766013441582,-0.0867328474087639,0.07454190212839712,0.11033365744495183,0.1641570289665595,-0.19457064965498294,0.05752999813755737,-0.1244383858114497,0.10411499410738324,-0.03275849392625735,-0.22223100314593308,0.3161420495363873
0.01140092002889962,-0.06659668462187496,0.1158120183203733,0.04710188696542082,-0.033758913245379156,-0.057347264122362795,0.09098972205435607,-0.0643500627331485,-0.0404327925433993,-0.08598731588481069,0.08802336740247305,-0.023160722546510908,0.05885494659974562,-0.05666808027353819,-0.08357245061305339,-0.15581361275696495,0.06896932033448404,-0.057633659724118214,-0.07857921872171733,-0.13822131285139866,-0.025354662073735462,0.07953341155825752,-0.016895514986283815,0.03193754574749258,0.14237860070624078,-0.04737606906780706,0.054235959444124515,-0.05156230159862074,0.04058176843960942,-0.04788454532126217,-0.22727369423895796,-0.006126985338580498,0.06291388943896667,-0.008702259806450938,0.1488284408824006,0.05918724701898722,1.1065991238068396E-4,0.06455612265612717,-0.11568868322929442,0.054469485813121915,-0.059316795847654494,0.04696242251733794,0.006824138184412732,-0.1603722136641194,-5.171792707240608E-4,-0.2354504733685306,-0.029376142632872387,-0.07483653134212642,-0.2647513889958892,0.06753144651349746,-0.02523243704988032,-0.13978071451672974,0.07025299546291337,0.0019243954640351113,0.1817640632481099,-0.0036322513820754576,-0.009554208317436058,-0.012465033222865213,0.045111378755019096,0.0686176874411459,-0.02872612143140324,0.041347047033739835,0.04585582073759627,-0.0502707646078988,0.15465219652389472,0.04043701161359152,0.11330346121848657,0.03166297369954725,-0.01346545662168348,-0.1527856687301829,0.0573418725947841,0.053459467226231794,0.42706884242989906,0.0305650761923938,0.09042775813610027,0.18977474188175397,8.158315044506786E-4,0.06519736772130794,0.08018487645184375,0.040669085569619345,0.10543415423966948,0.08893948991695017,-0.02268044269144616,0.04239276777542811,-0.06884096932952415,0.025142646142290694,-0.014179084368194015,-0.050340137145671315,-0.23867007528597237,-0.1490585678891872,0.1294413249051113,-0.2609839735819419,-0.15089225632887668,0.06025102258816055,-0.13281222190881642,-0.11626156731235812,0.019581952733215502,-0.05536512795485721,0.09044005697322996,0.1489890195946721,0.07978152823161838,0.10888768164792281,-0.05970436212190447,0.13728942841020012,0.05450662919207259,-0.10432083761328681,0.017677839732207823,-0.10675685409067619
0.20427677483293516,-0.32455504728111023,-0.15353844646068823,-0.16548201951078814,0.454750842047793,0.2106392543907885,-0.2512553255771492,0.0966242221188673,0.2383851893327119,0.1660114424575057,-0.3891508266306427,-0.1840880794305232,-0.0110741577600574,0.1410937958256967,-0.06484059846498168,0.045686240764633394,0.25256800798758305,-0.11004751003586141,0.07590737837160036,-0.12669820775386237,0.05478122101356904,0.09444048063376402,-0.20258023739993544,-0.19156497876338935,0.084638052168037,-0.0508956250880051,-0.09061886684344458,-0.09319096298147088,0.14208199291083873,0.21362427201217926,-0.19161151020869943,0.09635621452676357,0.06993216754625846,0.08082498603830204,-0.38013189796956665,-0.0074197403025279066,0.028312728572028288,-0.09334204051397518,-0.04748422001350444,0.15216864456184281,-0.09310205916823572,-0.0695089109439138,-0.07254275826375445,0.10163131599646429,-0.07061516316129389,-0.06669934263356338,0.17518153272881992,-0.04342845987376806,0.03874985011961278,0.12302121983838273,0.01773584513442744,-0.1530020560778589,0.14514829677296534,0.1382643866888555,0.1917748659349337,-0.05521564561905325,-0.14356896063315472,0.0899075388545316,-0.3322933912519993,-0.01505316605694642,0.06983741929088366,0.13552062553725863,0.0814096339942726,-0.2078097750338466,0.06531431891619069,0.04159156844304297,0.15566061233713224,-0.06647200233789863,-0.20066218169536298,-0.14760821854123038,0.33876178782531746,-0.04093718798881479,0.01873560092743906,-0.28722845173506356,-0.014598615184698092,-0.14814889898879643,0.11639803809418345,0.042306488179610816,-0.0038995581656339068,-0.05135218038455018,-0.08469874607338161,-0.07765380935510585,0.04061506125215941,0.04892540679676566,0.16134625058098162,-0.09703895541295068,0.02359971500463963,0.05530366332017299,-0.3091219148237366,-0.053887183694589114,-0.05717362542258704,0.28371391908017596,0.18500465929981644,-0.3244248618052763,0.44306426904729856,0.3674613858882879,-0.21756286049112025,0.1912636194383022,-0.08803071955157855,0.15178417215815293,-0.19557674076061812,-0.026589811568272892,0.2828852622625064,-0.2834511575579403,-0.3059900982410273,-0.02906788842961649,0.09291239589553948,0.24565268121114028
-0.0764519298898726,0.07367661383524396,-0.0013171487490537329,-0.015470986690154592,0.12084832274802457,-0.07192917743839197,-0.05078027674377905,0.04190047948749931,0.03158583375499644,-0.015595849167403933,0.1960530497400546,0.10868056739716822,-0.32848619247800426,-0.003907631721911796,-0.01995164636024696,0.23664297569108855,-0.06959446084714802,-0.06992492224836823,-0.00999217631801147,0.0701755185864304,-0.03502777455320474,-0.041016866404103576,0.07893182540419827,-0.035313946164761426,-0.07046827450948373,0.03901666203362997,-0.03422887784887426,0.06841437553903068,0.1509571893171694,0.013124207271471726,-0.207950360431448,0.048442576344767466,-0.03727555728156898,0.1648844804375723,-0.14968467227865517,-0.12281995656145842,-0.0301091296650565,0.07189339351013285,-0.020640028426105267,0.05839094717575387,0.1188430365636321,0.019801275020643553,0.006232287010538053,0.10813875976961826,0.03972245828794929,0.08623548663271656,0.12542696916152465,0.07965587713691942,-0.2681701381545595,0.013568630359745919,-0.02484786954243265,0.2802546920679451,-0.019650488492635405,0.03349603933294232,0.045700280271183724,0.16852637291227957,0.15591536650651885,-0.04212919802999232,-0.11261374691792006,-0.06123438633058407,-0.03664787831722732,-0.03133555989236439,0.038114032385924757,-0.02642006898664273,-0.0063371417283107495,-0.08068973006287405,-0.19974410481064067,0.10774512000849011,0.06039961532326951,0.03007423258671091,-0.2835941823806244,-0.2022348062461606,-0.12655922421132343,-0.029270544218526102,-0.12574886296835244,0.005155534111964705,8.892093502134921E-4,-0.08352498104228617,-0.03874935956020936,0.035073411939376825,-0.0091401316973579,-0.010951046079264087,0.06366799275980432,-0.03820444569550547,-0.14451719215193215,0.11655798583599156,0.101908495111951,0.23365691019400534,-0.0871513156688904,-0.016770162992046596,-0.04810697684318535,-0.02831111971953265,-0.01334395947688874,0.04596276169209484,0.05652917898572589,0.016617317753813886,-0.14759994948104888,0.06111510748444482,0.043815250678758605,-0.057146558273795375,0.12464058257134962,0.0458330408892717,-0.27631176360456244,0.05422103821805305,0.04153499632806375,0.31637448616180985,-0.22591895315097815,-0.03410663825418349
